query,url,ranking
"Mateřské školy na Moravě",https://data.gov.cz/zdroj/datové-sady/44992785/5d2db59172ab72aa22ef880ef26eb397,3
"Mateřské školy na Moravě",https://data.gov.cz/zdroj/datové-sady/60609460/739a49c3b19e87f8a444414c0de4a941,2
"Mateřské školy na Moravě",https://data.gov.cz/zdroj/datové-sady/00025593/114aebde833c6b4d21568e7ec301660d,1
"Mateřské školy na Moravě",https://data.gov.cz/zdroj/datové-sady/70890692/d516c8ad8b69ccbceb322ebbb77406b7,2
onemocnění cukrovkou,https://data.gov.cz/zdroj/datové-sady/00024341/98c1c38794b5ca000b7724a730b593a0,1
onemocnění cukrovkou,https://data.gov.cz/zdroj/datové-sady/00024341/1f853cbb622bd746da737fd00bcf60df,2
základní umělecká škola,https://data.gov.cz/zdroj/datové-sady/00025593/5f739b093b124a50368bb8deed8f6738,1
základní umělecká škola,https://data.gov.cz/zdroj/datové-sady/60609460/d28cc200ad50f078e9fad7e25b0b9cfb,4
základní umělecká škola,https://data.gov.cz/zdroj/datové-sady/70889546/e3ae87982398b5047d5fd936d5cef0af,3
základní umělecká škola,https://data.gov.cz/zdroj/datové-sady/00022985/194ebd658e46f4dc6830a980d63fc2a0,2
základní umělecká škola,https://data.gov.cz/zdroj/datové-sady/70891508/d01390fe16bbf87d009af6c5a7037a55,3
očkování obyvatelstva,https://data.gov.cz/zdroj/datové-sady/00024341/204a650bff950752adf0f64ad4e90875,1
očkování obyvatelstva,https://data.gov.cz/zdroj/datové-sady/00024341/ed22e60bce20e888b100c038653aad2b,3
očkování obyvatelstva,https://data.gov.cz/zdroj/datové-sady/00024341/57dc26a41ccd263fa34ce461c0cf4043,2
očkování obyvatelstva,https://data.gov.cz/zdroj/datové-sady/00024341/3778f81c9ccd020a95a57348bf7a0217,3
očkování obyvatelstva,https://data.gov.cz/zdroj/datové-sady/00024341/1f09d12fd4b50e576d598cb24e3d9912,4
odpad - data o jeho recyklaci a zpracování,https://data.gov.cz/zdroj/datové-sady/00025593/b6996d394e9e6c2ff53ea4832a99131b,3
odpad - data o jeho recyklaci a zpracování,https://data.gov.cz/zdroj/datové-sady/00025593/6e3afb28db6126787f5885a703e38417,1
odpad - data o jeho recyklaci a zpracování,https://data.gov.cz/zdroj/datové-sady/00025593/abb7d3b07c32d3c68b8c00c8c9c54a4f,4
odpad - data o jeho recyklaci a zpracování,https://data.gov.cz/zdroj/datové-sady/00164801/e031f7298a0ce22920f4373e02caad31,2
kvalita pitné vody,https://data.gov.cz/zdroj/datové-sady/00286010/cf7b42d816e9a3c4f94adf63b0264353,3
kvalita pitné vody,https://data.gov.cz/zdroj/datové-sady/25656635/a114f4da55435dd4e63e85a5cb228ade,1
kvalita pitné vody,https://data.gov.cz/zdroj/datové-sady/44992785/ede2366c73b5096c5607e0320c8be1aa,2
kvalita pitné vody,https://data.gov.cz/zdroj/datové-sady/00020478/67fdf97443d61eacf09c80eab9e5d9b1,4
"lyžování a běžkování, zimní sporty",https://data.gov.cz/zdroj/datové-sady/70890692/ea55ee76f128835d8c93466eae2d2087,1
"lyžování a běžkování, zimní sporty",https://data.gov.cz/zdroj/datové-sady/70890692/4896e6cc42d1f1f6e2851fdcb223c410,1
"lyžování a běžkování, zimní sporty",https://data.gov.cz/zdroj/datové-sady/70891168/637c900d621588d9e9e5702bb711272a,2
"lesy, zalesnění ČR",https://data.gov.cz/zdroj/datové-sady/45249130/b1e59a1353b22762fb6e8d1e2f459804,1
"lesy, zalesnění ČR",https://data.gov.cz/zdroj/datové-sady/45249130/028e691ad8f7b3e765e95bbe8e621255,2
"lesy, zalesnění ČR",https://data.gov.cz/zdroj/datové-sady/45249130/0bcb90400f87357260222981a458f4a5,3
"lesy, zalesnění ČR",https://data.gov.cz/zdroj/datové-sady/45249130/9a6c9088c91bffee9f5d2b937b3b060c,5
"lesy, zalesnění ČR",https://data.gov.cz/zdroj/datové-sady/45249130/963222bbf41ca581e9974665e3f46ba5,4
vysokoškolské vzdělání - počet studentů a absolventů,https://data.gov.cz/zdroj/datové-sady/00025593/033408cc4faa3a98490dcf81b5086e9b,2
vysokoškolské vzdělání - počet studentů a absolventů,https://data.gov.cz/zdroj/datové-sady/00025593/9a7aec1d629c7960cc3d8f4f172758a1,2
vysokoškolské vzdělání - počet studentů a absolventů,https://data.gov.cz/zdroj/datové-sady/00025593/c5465466332644499135f9385724d838,3
vysokoškolské vzdělání - počet studentů a absolventů,https://data.gov.cz/zdroj/datové-sady/00025593/ff0dde97b7154f0147bb4c10cba8749e,1
vysokoškolské vzdělání - počet studentů a absolventů,https://data.gov.cz/zdroj/datové-sady/00025593/4b1efc67d6113e657b5332ede85d32fc,4
Univerzita Karlova,https://data.gov.cz/zdroj/datové-sady/00216208/96bea3cca42974f11f4a5ffb0f8f1535,1
Univerzita Karlova,https://data.gov.cz/zdroj/datové-sady/00216208/75e9396aa5d831d03705eb72d51b49b0,3
Univerzita Karlova,https://data.gov.cz/zdroj/datové-sady/00216208/3a50586f9f7b1ffaff21902d4423cb4e,2
Univerzita Karlova,https://data.gov.cz/zdroj/datové-sady/00216208/b6ecb7b90f74b96ad5ff9e9de5891dbe,3
matfyz,https://data.gov.cz/zdroj/datové-sady/00216208/cebf155a0b6cc8d439c960145f1601a6,1
matfyz,https://data.gov.cz/zdroj/datové-sady/00216208/329d2d12bd9eabf9bd0108f187198a58,3
matfyz,https://data.gov.cz/zdroj/datové-sady/00216208/102d4d07b434cad29a95f561e3a88f8e,3
matfyz,https://data.gov.cz/zdroj/datové-sady/00216208/96bea3cca42974f11f4a5ffb0f8f1535,2
prezidentské volby 2018,https://data.gov.cz/zdroj/datové-sady/00025593/f39cbadd2140f7c82028df4b79e3cd9c,2
prezidentské volby 2018,https://data.gov.cz/zdroj/datové-sady/00025593/d81f44a99322d89b1d151d26cf46e71f,1
prezidentské volby 2018,https://data.gov.cz/zdroj/datové-sady/00025593/2b8bc77d3917fc1085df0aca26071551,3
